               epoch,      train/box_loss,      train/obj_loss,      train/cls_loss,   metrics/precision,      metrics/recall,     metrics/mAP_0.5,metrics/mAP_0.5:0.95,        val/box_loss,        val/obj_loss,        val/cls_loss,               x/lr0,               x/lr1,               x/lr2
                   0,             0.12115,            0.043503,                   0,            0.011831,            0.022727,            0.011825,           0.0026209,             0.11636,            0.028522,                   0,              0.0946,              0.0006,              0.0006
                   1,             0.11157,            0.044247,                   0,             0.02317,            0.068182,            0.015152,           0.0048112,             0.09946,             0.02728,                   0,            0.088294,           0.0012936,           0.0012936
                   2,              0.1011,            0.044288,                   0,            0.017063,            0.079545,            0.020149,           0.0043608,            0.089005,             0.02703,                   0,             0.08198,           0.0019802,           0.0019802
                   3,            0.090008,            0.048314,                   0,            0.019817,             0.28409,            0.018538,           0.0042232,            0.078809,            0.028468,                   0,             0.07566,           0.0026599,           0.0026599
                   4,            0.090893,            0.047121,                   0,           0.0074927,             0.76136,            0.031347,           0.0088226,            0.074805,            0.027885,                   0,            0.069333,           0.0033327,           0.0033327
                   5,            0.083655,            0.048221,                   0,             0.13201,             0.26136,             0.08021,            0.020723,            0.070675,            0.028777,                   0,            0.062999,           0.0039985,           0.0039985
                   6,            0.082369,            0.048188,                   0,              0.1773,             0.30682,             0.11062,             0.03119,            0.071435,            0.028987,                   0,            0.056657,           0.0046574,           0.0046574
                   7,            0.076432,            0.047916,                   0,             0.20677,               0.375,             0.13007,            0.036005,            0.068667,            0.032057,                   0,            0.050309,           0.0053094,           0.0053094
                   8,            0.076442,            0.045689,                   0,             0.26002,             0.32955,             0.19709,              0.0547,            0.070435,            0.031469,                   0,            0.043954,           0.0059545,           0.0059545
                   9,            0.077269,            0.043967,                   0,             0.21963,             0.42045,             0.20449,            0.053278,            0.067827,            0.027264,                   0,            0.037593,           0.0065926,           0.0065926
                  10,              0.0744,            0.043621,                   0,            0.045216,             0.22727,             0.02949,           0.0072194,            0.078374,            0.024854,                   0,            0.031224,           0.0072238,           0.0072238
                  11,            0.073786,            0.042095,                   0,             0.36142,             0.30682,             0.29797,            0.071257,            0.070405,            0.024509,                   0,            0.024848,           0.0078481,           0.0078481
                  12,            0.074672,            0.040147,                   0,              0.1455,             0.27273,            0.091963,            0.033532,             0.07159,            0.022741,                   0,            0.018465,           0.0084654,           0.0084654
                  13,            0.070414,            0.043013,                   0,             0.34946,             0.45455,             0.25797,            0.060069,            0.063857,            0.026392,                   0,            0.012076,           0.0090758,           0.0090758
                  14,            0.071504,            0.039963,                   0,             0.47948,             0.44318,             0.37191,             0.13116,            0.069795,            0.025711,                   0,            0.009307,            0.009307,            0.009307
                  15,            0.071099,            0.036197,                   0,             0.44537,             0.45455,               0.381,             0.14289,            0.069567,            0.023763,                   0,            0.009307,            0.009307,            0.009307
                  16,            0.067026,            0.042846,                   0,             0.41959,             0.39773,             0.33536,              0.1244,            0.062792,            0.024432,                   0,           0.0092575,           0.0092575,           0.0092575
                  17,              0.0632,             0.03898,                   0,             0.30365,             0.52273,             0.34173,             0.12486,            0.060749,            0.024613,                   0,            0.009208,            0.009208,            0.009208
                  18,            0.063492,            0.039705,                   0,             0.22837,             0.42045,             0.25104,            0.090944,            0.066899,            0.024174,                   0,           0.0091585,           0.0091585,           0.0091585
                  19,            0.064256,            0.042008,                   0,             0.36695,             0.48744,             0.33299,             0.11353,            0.055146,            0.022849,                   0,            0.009109,            0.009109,            0.009109
                  20,            0.062111,            0.039304,                   0,             0.25129,             0.53409,             0.34246,             0.11248,            0.060692,            0.023174,                   0,           0.0090595,           0.0090595,           0.0090595
                  21,            0.061774,            0.041966,                   0,             0.24001,             0.43426,             0.25481,            0.081577,            0.057682,             0.02719,                   0,             0.00901,             0.00901,             0.00901
                  22,            0.062065,            0.038554,                   0,             0.32275,             0.53409,             0.35598,             0.11392,            0.054341,            0.025001,                   0,           0.0089605,           0.0089605,           0.0089605
                  23,            0.057442,            0.039305,                   0,             0.25509,             0.54545,             0.31698,             0.11759,            0.054752,             0.02669,                   0,            0.008911,            0.008911,            0.008911
                  24,            0.059928,            0.041838,                   0,              0.3589,             0.61073,             0.39303,             0.11276,             0.05682,            0.026337,                   0,           0.0088615,           0.0088615,           0.0088615
                  25,            0.059834,            0.040897,                   0,             0.26817,             0.55382,              0.3109,             0.11056,             0.05755,            0.024973,                   0,            0.008812,            0.008812,            0.008812
                  26,            0.055425,            0.036613,                   0,             0.38425,             0.46805,              0.3735,             0.13699,            0.051788,            0.026093,                   0,           0.0087625,           0.0087625,           0.0087625
                  27,            0.053563,            0.040268,                   0,             0.44597,                 0.5,             0.42725,             0.18225,            0.048575,             0.02555,                   0,            0.008713,            0.008713,            0.008713
                  28,            0.056265,            0.036085,                   0,             0.40182,             0.53409,             0.41752,             0.16366,            0.051209,            0.024594,                   0,           0.0086635,           0.0086635,           0.0086635
                  29,            0.057054,            0.037691,                   0,             0.49156,               0.625,             0.52771,             0.19418,            0.054891,            0.023256,                   0,            0.008614,            0.008614,            0.008614
                  30,            0.054039,            0.035482,                   0,             0.56035,             0.61364,             0.57753,             0.25297,            0.045901,            0.022672,                   0,           0.0085645,           0.0085645,           0.0085645
                  31,            0.053034,            0.038346,                   0,             0.59045,             0.67045,             0.59446,             0.26333,            0.044328,            0.023136,                   0,            0.008515,            0.008515,            0.008515
                  32,            0.050842,              0.0356,                   0,             0.48198,             0.54545,             0.48596,               0.207,            0.042754,            0.022394,                   0,           0.0084655,           0.0084655,           0.0084655
                  33,            0.053893,            0.038134,                   0,             0.42983,             0.66822,             0.50614,             0.21552,            0.044041,            0.023366,                   0,            0.008416,            0.008416,            0.008416
                  34,            0.049854,             0.04118,                   0,             0.39501,             0.52273,             0.42468,             0.15801,            0.045113,            0.025352,                   0,           0.0083665,           0.0083665,           0.0083665
                  35,            0.050886,            0.040132,                   0,              0.4763,                 0.5,             0.50915,               0.212,            0.042506,            0.023092,                   0,            0.008317,            0.008317,            0.008317
                  36,            0.050122,            0.036565,                   0,             0.46323,             0.65909,             0.54635,             0.23655,            0.040854,            0.023312,                   0,           0.0082675,           0.0082675,           0.0082675
                  37,            0.051691,            0.037063,                   0,             0.30046,             0.52273,             0.34376,             0.10487,            0.046427,            0.022394,                   0,            0.008218,            0.008218,            0.008218
                  38,             0.05122,            0.038039,                   0,             0.53625,               0.749,             0.62865,             0.27372,            0.041291,            0.022206,                   0,           0.0081685,           0.0081685,           0.0081685
                  39,            0.051899,            0.037016,                   0,             0.44843,             0.61902,             0.50183,             0.21995,            0.039808,            0.026188,                   0,            0.008119,            0.008119,            0.008119
                  40,            0.046542,            0.038825,                   0,             0.52048,             0.66608,             0.58895,             0.27182,            0.039005,             0.02415,                   0,           0.0080695,           0.0080695,           0.0080695
                  41,            0.048663,            0.033956,                   0,             0.46848,             0.69318,             0.52782,             0.18883,             0.04642,            0.024305,                   0,             0.00802,             0.00802,             0.00802
                  42,            0.050031,            0.038639,                   0,             0.46322,             0.55682,             0.51876,              0.2023,            0.041426,            0.024917,                   0,           0.0079705,           0.0079705,           0.0079705
                  43,            0.048588,             0.04076,                   0,             0.40305,             0.61364,             0.43931,             0.20433,            0.040712,            0.025095,                   0,            0.007921,            0.007921,            0.007921
                  44,            0.049382,            0.033584,                   0,             0.47925,             0.69025,             0.53578,             0.17754,            0.048482,            0.023836,                   0,           0.0078715,           0.0078715,           0.0078715
                  45,            0.052701,            0.035433,                   0,              0.5168,             0.61364,             0.51783,             0.19225,            0.043126,            0.022535,                   0,            0.007822,            0.007822,            0.007822
                  46,            0.048794,            0.039251,                   0,             0.58662,             0.67045,             0.56878,             0.21883,            0.043402,            0.022953,                   0,           0.0077725,           0.0077725,           0.0077725
                  47,            0.049421,            0.038428,                   0,             0.48293,             0.74295,             0.51135,             0.24187,             0.03901,            0.023442,                   0,            0.007723,            0.007723,            0.007723
                  48,            0.049913,            0.036537,                   0,             0.60866,             0.72467,             0.62234,             0.24893,            0.043852,            0.022821,                   0,           0.0076735,           0.0076735,           0.0076735
                  49,            0.051763,            0.035995,                   0,             0.47467,             0.65909,             0.49281,             0.20051,            0.046231,            0.022817,                   0,            0.007624,            0.007624,            0.007624
                  50,            0.047777,            0.037681,                   0,             0.64152,             0.71591,             0.66782,             0.31662,            0.040592,            0.021843,                   0,           0.0075745,           0.0075745,           0.0075745
                  51,            0.047297,            0.033187,                   0,             0.63911,             0.72727,             0.66105,             0.31149,            0.040583,            0.021313,                   0,            0.007525,            0.007525,            0.007525
                  52,            0.045997,            0.034069,                   0,             0.65518,             0.64773,             0.63342,             0.32369,            0.039297,            0.021203,                   0,           0.0074755,           0.0074755,           0.0074755
                  53,             0.04745,            0.032823,                   0,             0.71562,              0.7721,             0.75155,             0.32458,            0.042592,            0.021241,                   0,            0.007426,            0.007426,            0.007426
                  54,            0.044965,            0.035466,                   0,             0.63606,             0.71591,              0.6687,              0.2929,            0.041733,            0.020818,                   0,           0.0073765,           0.0073765,           0.0073765
                  55,            0.045803,            0.040105,                   0,             0.62798,             0.76136,              0.6581,             0.30705,             0.04001,            0.021341,                   0,            0.007327,            0.007327,            0.007327
                  56,            0.045474,            0.032868,                   0,             0.64825,             0.78409,             0.68915,             0.32263,            0.040813,            0.020679,                   0,           0.0072775,           0.0072775,           0.0072775
                  57,            0.045763,            0.036558,                   0,             0.62664,             0.76136,             0.72756,              0.2991,            0.041339,            0.021351,                   0,            0.007228,            0.007228,            0.007228
                  58,            0.045751,            0.034923,                   0,             0.74439,             0.61364,             0.69641,             0.32896,            0.040631,              0.0216,                   0,           0.0071785,           0.0071785,           0.0071785
                  59,            0.045017,            0.034827,                   0,             0.65708,             0.70455,             0.67236,             0.31329,            0.039444,            0.022147,                   0,            0.007129,            0.007129,            0.007129
                  60,             0.04383,            0.036215,                   0,             0.57222,             0.67045,             0.63255,             0.28937,            0.041035,            0.023089,                   0,           0.0070795,           0.0070795,           0.0070795
                  61,            0.045678,            0.036965,                   0,             0.56009,             0.63636,               0.609,             0.20954,            0.044286,            0.023083,                   0,             0.00703,             0.00703,             0.00703
                  62,            0.043037,            0.033428,                   0,             0.60872,               0.625,             0.63932,             0.24875,            0.042759,            0.022388,                   0,           0.0069805,           0.0069805,           0.0069805
                  63,            0.044399,            0.036493,                   0,             0.57706,             0.59091,             0.61433,               0.245,            0.039915,            0.022829,                   0,            0.006931,            0.006931,            0.006931
                  64,            0.043795,            0.034244,                   0,             0.58363,             0.67045,             0.64042,              0.2573,            0.040222,             0.02323,                   0,           0.0068815,           0.0068815,           0.0068815
                  65,            0.041545,            0.034924,                   0,             0.57696,             0.59091,             0.59959,             0.26553,            0.038425,            0.023905,                   0,            0.006832,            0.006832,            0.006832
                  66,            0.041249,            0.034472,                   0,               0.611,             0.60689,             0.62036,             0.28791,            0.038657,            0.022822,                   0,           0.0067825,           0.0067825,           0.0067825
                  67,            0.039559,            0.032448,                   0,             0.49423,             0.61364,             0.55854,             0.25947,            0.041289,            0.022772,                   0,            0.006733,            0.006733,            0.006733
                  68,             0.04724,            0.036419,                   0,             0.55729,             0.67045,             0.62871,             0.26118,            0.043439,            0.022574,                   0,           0.0066835,           0.0066835,           0.0066835
                  69,              0.0454,            0.032775,                   0,             0.49582,             0.61364,             0.54001,             0.23136,            0.042952,            0.022326,                   0,            0.006634,            0.006634,            0.006634
                  70,             0.04507,             0.03314,                   0,             0.64142,             0.65048,             0.65728,             0.27696,            0.047108,            0.022017,                   0,           0.0065845,           0.0065845,           0.0065845
                  71,             0.04487,            0.035448,                   0,             0.62124,             0.60227,             0.57209,             0.27821,            0.038207,            0.022935,                   0,            0.006535,            0.006535,            0.006535
                  72,            0.043558,            0.032359,                   0,             0.64341,             0.65615,             0.65636,             0.29461,            0.039373,            0.022275,                   0,           0.0064855,           0.0064855,           0.0064855
                  73,             0.04158,            0.034451,                   0,              0.6536,             0.72727,             0.66676,             0.28026,             0.03939,            0.022541,                   0,            0.006436,            0.006436,            0.006436
                  74,            0.042487,            0.030757,                   0,             0.66405,             0.76136,             0.68477,             0.30733,            0.038015,            0.022062,                   0,           0.0063865,           0.0063865,           0.0063865
                  75,            0.040081,            0.031301,                   0,             0.65347,             0.72861,              0.6715,             0.32691,            0.036426,            0.021877,                   0,            0.006337,            0.006337,            0.006337
                  76,            0.042846,            0.035791,                   0,             0.68644,             0.71591,             0.67122,             0.29888,            0.039373,            0.021978,                   0,           0.0062875,           0.0062875,           0.0062875
                  77,            0.044209,            0.031775,                   0,             0.57016,             0.67045,             0.62486,              0.3056,            0.037288,            0.022205,                   0,            0.006238,            0.006238,            0.006238
                  78,            0.040552,            0.029434,                   0,             0.59553,             0.65909,             0.60552,             0.28553,            0.040177,            0.022208,                   0,           0.0061885,           0.0061885,           0.0061885
                  79,            0.041283,            0.028207,                   0,             0.57459,             0.73864,             0.64173,             0.32467,            0.038563,            0.021715,                   0,            0.006139,            0.006139,            0.006139
                  80,            0.041324,            0.038708,                   0,             0.61074,             0.65909,             0.59438,             0.26473,             0.04094,            0.023154,                   0,           0.0060895,           0.0060895,           0.0060895
                  81,            0.042425,            0.032815,                   0,             0.63559,             0.60227,             0.65113,              0.2996,            0.039558,              0.0217,                   0,             0.00604,             0.00604,             0.00604
                  82,            0.041871,            0.029107,                   0,             0.60878,             0.70733,             0.69914,             0.33745,            0.038762,            0.021364,                   0,           0.0059905,           0.0059905,           0.0059905
                  83,            0.041882,            0.036772,                   0,             0.65231,             0.72727,              0.6737,             0.28778,            0.040921,            0.021698,                   0,            0.005941,            0.005941,            0.005941
                  84,            0.040906,            0.030701,                   0,             0.62454,             0.73722,             0.69586,              0.3275,            0.040948,            0.022214,                   0,           0.0058915,           0.0058915,           0.0058915
                  85,            0.042375,            0.032682,                   0,             0.59064,             0.67224,             0.64694,             0.29199,            0.039243,            0.022569,                   0,            0.005842,            0.005842,            0.005842
                  86,            0.038644,            0.034483,                   0,             0.65963,             0.63867,             0.63506,             0.25988,            0.040875,            0.023136,                   0,           0.0057925,           0.0057925,           0.0057925
                  87,            0.040828,            0.036029,                   0,             0.56955,              0.7518,             0.65786,             0.31215,            0.037661,            0.022526,                   0,            0.005743,            0.005743,            0.005743
                  88,            0.040581,            0.031131,                   0,             0.59083,             0.71591,             0.65852,             0.24908,            0.042268,            0.022516,                   0,           0.0056935,           0.0056935,           0.0056935
                  89,            0.040089,            0.032617,                   0,             0.61893,             0.71591,             0.68721,             0.30993,             0.03852,            0.022716,                   0,            0.005644,            0.005644,            0.005644
                  90,            0.040478,            0.031988,                   0,             0.64108,             0.71591,              0.6843,             0.30966,             0.03896,             0.02289,                   0,           0.0055945,           0.0055945,           0.0055945
                  91,            0.037504,            0.030612,                   0,             0.64136,             0.69318,             0.64912,             0.31546,            0.036844,            0.022881,                   0,            0.005545,            0.005545,            0.005545
                  92,            0.040496,            0.034536,                   0,             0.70639,             0.69318,             0.66316,             0.29638,            0.039889,            0.022143,                   0,           0.0054955,           0.0054955,           0.0054955
                  93,            0.040103,            0.034219,                   0,             0.66167,             0.70455,             0.71919,              0.3578,            0.036252,            0.021417,                   0,            0.005446,            0.005446,            0.005446
                  94,            0.038607,            0.032175,                   0,             0.68178,             0.70607,             0.72732,              0.3216,             0.03952,            0.021465,                   0,           0.0053965,           0.0053965,           0.0053965
                  95,            0.037277,            0.029867,                   0,             0.64907,              0.6936,             0.69983,             0.34293,            0.038579,            0.021476,                   0,            0.005347,            0.005347,            0.005347
                  96,            0.038248,            0.031712,                   0,             0.66445,             0.69318,              0.6853,             0.32534,            0.038239,            0.021728,                   0,           0.0052975,           0.0052975,           0.0052975
                  97,            0.041561,            0.030438,                   0,              0.6688,             0.68182,             0.70529,             0.31977,            0.040596,            0.022153,                   0,            0.005248,            0.005248,            0.005248
                  98,            0.037743,            0.027622,                   0,             0.70865,             0.63636,             0.66213,             0.32476,            0.038602,            0.022112,                   0,           0.0051985,           0.0051985,           0.0051985
                  99,             0.03735,            0.031277,                   0,             0.72514,             0.69318,             0.70816,             0.31584,            0.039771,             0.02214,                   0,            0.005149,            0.005149,            0.005149
                 100,            0.037027,            0.030028,                   0,             0.67075,             0.67135,             0.66111,             0.30092,            0.037915,            0.022353,                   0,           0.0050995,           0.0050995,           0.0050995
                 101,            0.038894,            0.030267,                   0,             0.75818,             0.68182,             0.67988,             0.27064,            0.042873,            0.022818,                   0,             0.00505,             0.00505,             0.00505
                 102,            0.038672,            0.029754,                   0,             0.65957,             0.64773,             0.65947,             0.29299,             0.03833,            0.022219,                   0,           0.0050005,           0.0050005,           0.0050005
                 103,            0.038353,            0.029328,                   0,             0.71033,             0.63636,             0.67376,             0.31194,            0.038839,            0.022593,                   0,            0.004951,            0.004951,            0.004951
                 104,             0.03869,            0.028508,                   0,             0.58382,             0.73864,             0.65087,             0.31077,            0.038195,            0.022433,                   0,           0.0049015,           0.0049015,           0.0049015
                 105,            0.040302,            0.030278,                   0,             0.60726,             0.71591,             0.67091,             0.27127,            0.038599,            0.023286,                   0,            0.004852,            0.004852,            0.004852
                 106,            0.039877,            0.029638,                   0,             0.60425,             0.71591,             0.62719,             0.28947,             0.03821,            0.023149,                   0,           0.0048025,           0.0048025,           0.0048025
                 107,            0.035882,            0.031705,                   0,             0.65041,             0.67657,             0.65512,             0.28451,             0.03935,            0.023467,                   0,            0.004753,            0.004753,            0.004753
                 108,            0.037421,            0.027053,                   0,             0.68754,             0.68182,             0.69855,             0.27807,            0.040389,            0.022981,                   0,           0.0047035,           0.0047035,           0.0047035
                 109,            0.037754,            0.033487,                   0,             0.66146,             0.66613,             0.66852,             0.30862,            0.038442,            0.022798,                   0,            0.004654,            0.004654,            0.004654
                 110,            0.038893,            0.029519,                   0,             0.66592,             0.72484,             0.71679,              0.3209,             0.03985,            0.022334,                   0,           0.0046045,           0.0046045,           0.0046045
                 111,            0.035964,            0.029405,                   0,             0.75035,             0.64773,             0.72433,             0.36529,            0.038321,            0.022576,                   0,            0.004555,            0.004555,            0.004555
                 112,            0.037525,            0.027167,                   0,             0.73672,             0.69961,             0.73258,             0.34811,            0.040068,            0.022773,                   0,           0.0045055,           0.0045055,           0.0045055
                 113,             0.03958,            0.029992,                   0,             0.69179,               0.625,             0.70836,             0.35457,             0.03741,             0.02332,                   0,            0.004456,            0.004456,            0.004456
                 114,            0.034549,             0.02835,                   0,             0.68772,             0.63636,             0.69505,             0.33133,            0.037944,            0.023623,                   0,           0.0044065,           0.0044065,           0.0044065
                 115,            0.037358,            0.030056,                   0,             0.59501,             0.67045,             0.66898,             0.32122,            0.036967,            0.023718,                   0,            0.004357,            0.004357,            0.004357
                 116,             0.03664,            0.029134,                   0,             0.55596,             0.68182,              0.6435,             0.28809,            0.037844,            0.024037,                   0,           0.0043075,           0.0043075,           0.0043075
                 117,            0.037627,            0.029027,                   0,             0.49648,             0.71591,             0.61737,             0.30267,            0.036675,            0.023952,                   0,            0.004258,            0.004258,            0.004258
                 118,             0.03745,            0.029705,                   0,             0.59494,             0.71591,              0.6801,             0.33498,            0.035301,            0.023095,                   0,           0.0042085,           0.0042085,           0.0042085
                 119,             0.03627,            0.031081,                   0,             0.59239,             0.66062,             0.66815,             0.32209,            0.036127,             0.02356,                   0,            0.004159,            0.004159,            0.004159
                 120,            0.035144,            0.029734,                   0,             0.67071,             0.59091,             0.66645,              0.3446,            0.035298,            0.022864,                   0,           0.0041095,           0.0041095,           0.0041095
                 121,            0.034937,            0.030445,                   0,             0.66151,               0.625,              0.6595,             0.33475,            0.035829,            0.022961,                   0,             0.00406,             0.00406,             0.00406
                 122,            0.037422,            0.030813,                   0,             0.51017,             0.65909,             0.62114,              0.3289,            0.035309,            0.022839,                   0,           0.0040105,           0.0040105,           0.0040105
                 123,            0.037491,            0.031306,                   0,             0.60926,             0.67045,             0.66338,             0.33468,            0.037118,            0.022388,                   0,            0.003961,            0.003961,            0.003961
                 124,            0.036237,            0.031364,                   0,             0.65397,             0.66581,             0.66273,             0.30139,            0.039243,             0.02245,                   0,           0.0039115,           0.0039115,           0.0039115
                 125,             0.03559,            0.028767,                   0,               0.628,             0.68182,              0.6801,             0.36416,            0.037077,            0.022251,                   0,            0.003862,            0.003862,            0.003862
                 126,            0.036072,            0.028715,                   0,             0.66608,             0.65738,             0.70444,             0.35163,            0.038401,             0.02241,                   0,           0.0038125,           0.0038125,           0.0038125
                 127,             0.03559,            0.027342,                   0,              0.7102,             0.64773,             0.69847,             0.36947,            0.036493,            0.022649,                   0,            0.003763,            0.003763,            0.003763
                 128,            0.034125,            0.029514,                   0,             0.66756,               0.625,             0.67069,             0.34065,            0.038151,            0.022943,                   0,           0.0037135,           0.0037135,           0.0037135
                 129,            0.035671,            0.028115,                   0,             0.60732,             0.65909,             0.65623,             0.34976,            0.036836,            0.023244,                   0,            0.003664,            0.003664,            0.003664
                 130,            0.035126,            0.027478,                   0,             0.64592,             0.72727,             0.69436,             0.35426,            0.036932,            0.023098,                   0,           0.0036145,           0.0036145,           0.0036145
                 131,            0.034005,            0.029753,                   0,             0.62632,             0.70455,             0.70189,             0.33918,            0.036648,            0.023046,                   0,            0.003565,            0.003565,            0.003565
                 132,            0.036283,            0.029267,                   0,             0.62801,             0.69318,             0.70225,             0.34246,            0.037806,            0.023155,                   0,           0.0035155,           0.0035155,           0.0035155
                 133,            0.034389,            0.029505,                   0,             0.62183,             0.71591,             0.69879,             0.33505,            0.037112,             0.02331,                   0,            0.003466,            0.003466,            0.003466
                 134,            0.035324,            0.029468,                   0,              0.6702,             0.65909,             0.70047,             0.35362,            0.036532,            0.023009,                   0,           0.0034165,           0.0034165,           0.0034165
                 135,            0.033593,            0.026967,                   0,             0.63374,             0.67045,             0.70389,             0.36005,            0.036806,            0.023239,                   0,            0.003367,            0.003367,            0.003367
                 136,             0.03207,            0.027565,                   0,             0.61006,             0.72892,             0.71851,             0.36805,            0.037502,            0.023372,                   0,           0.0033175,           0.0033175,           0.0033175
                 137,            0.034063,            0.028883,                   0,             0.57898,             0.73864,             0.69215,             0.35895,            0.036909,            0.023273,                   0,            0.003268,            0.003268,            0.003268
                 138,            0.035559,            0.029377,                   0,             0.64131,             0.64773,             0.69119,             0.36174,            0.035956,            0.023433,                   0,           0.0032185,           0.0032185,           0.0032185
                 139,            0.033751,            0.029212,                   0,             0.69653,             0.68182,             0.69789,             0.34819,             0.03727,            0.023449,                   0,            0.003169,            0.003169,            0.003169
                 140,            0.033548,            0.028776,                   0,             0.70175,             0.66847,             0.70642,             0.35055,            0.038076,            0.023819,                   0,           0.0031195,           0.0031195,           0.0031195
                 141,            0.032965,            0.031199,                   0,              0.6751,             0.68182,              0.6962,             0.35376,            0.036678,             0.02409,                   0,             0.00307,             0.00307,             0.00307
                 142,            0.033711,            0.029941,                   0,             0.65392,             0.67045,              0.6916,             0.34151,            0.037164,            0.024194,                   0,           0.0030205,           0.0030205,           0.0030205
                 143,            0.035022,            0.028199,                   0,             0.70446,             0.67045,             0.69489,             0.34203,            0.038274,            0.023968,                   0,            0.002971,            0.002971,            0.002971
                 144,            0.033959,            0.026245,                   0,             0.67858,             0.68182,             0.68229,               0.351,            0.037084,            0.023933,                   0,           0.0029215,           0.0029215,           0.0029215
                 145,            0.035254,            0.028265,                   0,             0.67658,             0.66566,             0.68142,             0.32825,            0.038742,            0.024029,                   0,            0.002872,            0.002872,            0.002872
                 146,             0.03288,            0.030027,                   0,             0.68298,             0.64773,             0.67652,             0.31927,            0.037788,            0.024123,                   0,           0.0028225,           0.0028225,           0.0028225
                 147,            0.034634,            0.026385,                   0,             0.70433,             0.67045,             0.69807,             0.30345,            0.039599,             0.02453,                   0,            0.002773,            0.002773,            0.002773
                 148,            0.032811,            0.027359,                   0,             0.66834,               0.687,             0.68529,             0.30093,            0.040347,            0.024778,                   0,           0.0027235,           0.0027235,           0.0027235
                 149,            0.033594,            0.029912,                   0,             0.63827,             0.68182,             0.68647,              0.3004,            0.040807,            0.025009,                   0,            0.002674,            0.002674,            0.002674
                 150,            0.033734,            0.029198,                   0,             0.65532,             0.65909,             0.68462,             0.28691,            0.041482,            0.025225,                   0,           0.0026245,           0.0026245,           0.0026245
                 151,            0.032481,            0.026397,                   0,             0.68872,             0.63636,             0.66396,             0.30351,            0.039456,            0.024919,                   0,            0.002575,            0.002575,            0.002575
                 152,            0.034406,            0.028776,                   0,             0.63057,             0.65947,             0.65887,             0.28967,            0.040694,            0.025038,                   0,           0.0025255,           0.0025255,           0.0025255
                 153,             0.03311,            0.027656,                   0,             0.65241,             0.71591,             0.69987,             0.32005,            0.039398,            0.024881,                   0,            0.002476,            0.002476,            0.002476
                 154,            0.031383,            0.028996,                   0,             0.67258,             0.71591,             0.70024,             0.31829,             0.03965,            0.024653,                   0,           0.0024265,           0.0024265,           0.0024265
                 155,            0.032735,            0.030769,                   0,             0.55788,             0.78868,             0.65149,             0.31186,            0.039409,            0.024883,                   0,            0.002377,            0.002377,            0.002377
                 156,            0.032019,             0.02776,                   0,              0.5611,             0.75545,             0.64603,             0.29867,            0.039239,            0.024994,                   0,           0.0023275,           0.0023275,           0.0023275
                 157,            0.031223,            0.025663,                   0,             0.54549,             0.77273,             0.63225,             0.30297,            0.038012,             0.02518,                   0,            0.002278,            0.002278,            0.002278
                 158,            0.032365,            0.026017,                   0,             0.55549,             0.71591,             0.63762,             0.29972,            0.039179,            0.025417,                   0,           0.0022285,           0.0022285,           0.0022285
                 159,            0.031192,            0.027502,                   0,             0.65599,             0.68182,              0.6736,             0.30204,             0.03933,            0.025288,                   0,            0.002179,            0.002179,            0.002179
                 160,            0.030255,            0.025545,                   0,             0.66228,             0.65909,             0.65355,             0.30989,            0.038239,             0.02517,                   0,           0.0021295,           0.0021295,           0.0021295
                 161,            0.031328,            0.027438,                   0,             0.70205,             0.68182,             0.68478,              0.3085,            0.038882,            0.025119,                   0,             0.00208,             0.00208,             0.00208
                 162,            0.031615,            0.025661,                   0,             0.73261,             0.67045,             0.69192,             0.30454,             0.03969,            0.025002,                   0,           0.0020305,           0.0020305,           0.0020305
                 163,            0.032641,            0.026306,                   0,             0.64382,             0.63675,             0.63556,             0.29886,            0.038811,            0.025084,                   0,            0.001981,            0.001981,            0.001981
                 164,            0.033333,            0.025995,                   0,             0.64944,             0.65909,             0.67407,             0.29174,            0.039714,            0.025161,                   0,           0.0019315,           0.0019315,           0.0019315
                 165,            0.031589,             0.02493,                   0,             0.62822,             0.63636,              0.6282,             0.29122,            0.039107,            0.025034,                   0,            0.001882,            0.001882,            0.001882
                 166,            0.031491,            0.026893,                   0,               0.667,             0.64773,             0.69669,             0.28326,             0.04147,            0.025108,                   0,           0.0018325,           0.0018325,           0.0018325
                 167,            0.031376,            0.025924,                   0,             0.66471,             0.64773,             0.68841,             0.29306,            0.041671,             0.02497,                   0,            0.001783,            0.001783,            0.001783
                 168,            0.029428,            0.024742,                   0,             0.63863,             0.63636,               0.662,             0.30452,             0.04129,            0.024685,                   0,           0.0017335,           0.0017335,           0.0017335
                 169,            0.033306,            0.027737,                   0,             0.65886,             0.67045,             0.69128,             0.30731,             0.04213,            0.024439,                   0,            0.001684,            0.001684,            0.001684
                 170,            0.029463,            0.025812,                   0,             0.61776,             0.65909,             0.68861,             0.32822,            0.041918,            0.024379,                   0,           0.0016345,           0.0016345,           0.0016345
                 171,            0.031802,            0.027213,                   0,             0.60622,             0.69318,             0.68634,             0.32398,            0.042719,            0.024479,                   0,            0.001585,            0.001585,            0.001585
                 172,            0.033356,            0.025735,                   0,             0.61526,             0.68182,              0.6774,             0.32241,            0.041243,            0.024602,                   0,           0.0015355,           0.0015355,           0.0015355
                 173,            0.032179,            0.024897,                   0,             0.64051,             0.66817,             0.67988,             0.31212,            0.041868,             0.02465,                   0,            0.001486,            0.001486,            0.001486
                 174,            0.031336,             0.02796,                   0,             0.61857,             0.64503,             0.64348,             0.30571,            0.041232,            0.024864,                   0,           0.0014365,           0.0014365,           0.0014365
                 175,            0.031069,            0.026587,                   0,             0.60491,             0.64377,             0.63275,             0.29759,            0.040026,            0.025147,                   0,            0.001387,            0.001387,            0.001387
                 176,            0.030264,            0.025085,                   0,             0.60887,             0.64773,              0.6352,             0.29662,            0.040099,            0.025226,                   0,           0.0013375,           0.0013375,           0.0013375
                 177,            0.032119,            0.026375,                   0,             0.61105,             0.64773,             0.62915,             0.29747,            0.039798,            0.025484,                   0,            0.001288,            0.001288,            0.001288
                 178,            0.030723,            0.023277,                   0,             0.59689,             0.63636,             0.63165,             0.30025,            0.039386,            0.025544,                   0,           0.0012385,           0.0012385,           0.0012385
                 179,            0.030649,            0.025605,                   0,              0.6236,             0.64773,             0.63103,             0.29622,            0.039424,            0.025612,                   0,            0.001189,            0.001189,            0.001189
                 180,            0.029969,            0.027801,                   0,             0.61511,             0.65909,             0.62515,             0.30192,            0.039836,             0.02565,                   0,           0.0011395,           0.0011395,           0.0011395
                 181,            0.029175,            0.026218,                   0,             0.62605,             0.64773,             0.62733,             0.29996,            0.039737,            0.025784,                   0,             0.00109,             0.00109,             0.00109
                 182,            0.031269,            0.027932,                   0,             0.62739,               0.625,              0.6295,             0.30602,            0.038759,            0.025746,                   0,           0.0010405,           0.0010405,           0.0010405
                 183,            0.030028,            0.024948,                   0,             0.65149,             0.65909,             0.65061,             0.31877,            0.037772,             0.02565,                   0,            0.000991,            0.000991,            0.000991
                 184,            0.031764,            0.025616,                   0,             0.65425,             0.67045,              0.6504,             0.31884,            0.037934,            0.025666,                   0,           0.0009415,           0.0009415,           0.0009415
                 185,            0.031481,            0.028086,                   0,             0.66659,             0.68182,             0.67972,             0.32302,            0.038045,            0.025556,                   0,            0.000892,            0.000892,            0.000892
                 186,             0.02981,            0.029006,                   0,             0.66367,             0.70455,             0.67852,              0.3274,            0.038783,             0.02554,                   0,           0.0008425,           0.0008425,           0.0008425
                 187,            0.030257,            0.025257,                   0,             0.67976,             0.67542,              0.6721,             0.32779,            0.038351,            0.025557,                   0,            0.000793,            0.000793,            0.000793
                 188,            0.029128,            0.023002,                   0,             0.67528,             0.67045,             0.67834,             0.33344,             0.03794,            0.025587,                   0,           0.0007435,           0.0007435,           0.0007435
                 189,             0.03098,             0.02846,                   0,             0.64435,             0.68182,             0.66246,             0.33146,            0.038454,            0.025623,                   0,            0.000694,            0.000694,            0.000694
                 190,             0.02909,            0.025384,                   0,             0.63596,             0.69318,              0.6569,             0.32797,            0.038867,            0.025784,                   0,           0.0006445,           0.0006445,           0.0006445
                 191,            0.031824,            0.027713,                   0,             0.62295,             0.71591,             0.65446,             0.32943,             0.03883,            0.025726,                   0,            0.000595,            0.000595,            0.000595
                 192,            0.030586,            0.025992,                   0,             0.61746,             0.71534,              0.6533,             0.33156,            0.038615,            0.025734,                   0,           0.0005455,           0.0005455,           0.0005455
                 193,            0.029647,            0.027096,                   0,             0.63389,             0.65909,             0.64768,             0.32205,            0.038706,            0.025625,                   0,            0.000496,            0.000496,            0.000496
                 194,            0.028094,            0.025032,                   0,             0.63625,             0.67045,             0.66138,             0.32737,            0.038637,            0.025713,                   0,           0.0004465,           0.0004465,           0.0004465
                 195,            0.030952,            0.025167,                   0,             0.57488,             0.68182,             0.64042,             0.32004,            0.038592,            0.025902,                   0,            0.000397,            0.000397,            0.000397
                 196,            0.031332,            0.026288,                   0,             0.58409,             0.68182,             0.63824,             0.31925,            0.038789,            0.025936,                   0,           0.0003475,           0.0003475,           0.0003475
                 197,            0.029527,            0.024628,                   0,             0.59225,             0.68182,             0.63458,              0.3131,            0.038958,            0.025871,                   0,            0.000298,            0.000298,            0.000298
                 198,            0.030463,            0.024762,                   0,             0.58393,             0.68182,             0.62992,             0.31229,            0.038945,            0.025918,                   0,           0.0002485,           0.0002485,           0.0002485
                 199,            0.029631,            0.026011,                   0,             0.58836,             0.65909,             0.62617,             0.31082,            0.038803,            0.025963,                   0,            0.000199,            0.000199,            0.000199
